model,total_params,trainable_params,train_time_s,val_auc,test_auc,timestamp
cfc_ncp,26597,23845,641.4,0.8875,0.8736,20260504_193018
fastai_lstm,N/A,N/A,2091.0,0.9144,0.9121,20260504_193018
fastai_gru,N/A,N/A,1833.2,0.9144,0.9174,20260504_193018
fastai_resnet1d_wang,N/A,N/A,606.4,0.9077,0.9109,20260504_193018
ensemble,N/A,N/A,N/A,0.9259,0.9252,20260504_193018
cfc_ncp,26597,23845,530.0,0.8835,0.8749,20260504_215325
fastai_lstm,N/A,N/A,1781.3,0.913,0.9114,20260504_215325
fastai_gru,N/A,N/A,1509.0,0.9134,0.9156,20260504_215325
fastai_resnet1d_wang,N/A,N/A,531.3,0.9123,0.9099,20260504_215325
ensemble,N/A,N/A,N/A,0.9259,0.9241,20260504_215325
cfc_ncp,97381,91301,375.4,0.9112,0.9022,20260504_235206
fastai_lstm,N/A,N/A,1779.5,0.9128,0.9152,20260504_235206
fastai_gru,N/A,N/A,1483.5,0.9151,0.9167,20260504_235206
fastai_resnet1d_wang,N/A,N/A,530.5,0.9128,0.9064,20260504_235206
ensemble,N/A,N/A,N/A,0.931,0.9293,20260504_235206
cfc_ncp,97381,91301,385.2,0.9087,0.8993,20260505_103751
fastai_lstm,808197,808197,1775.0,0.9114,0.9088,20260505_103751
fastai_gru,607493,607493,1497.4,0.9119,0.9138,20260505_103751
fastai_resnet1d_wang,440837,440837,524.4,0.9083,0.9106,20260505_103751
ensemble,N/A,N/A,N/A,0.9296,0.9272,20260505_103751
fastai_inception1d,475141,475141,1515.8,0.9112,0.9066,20260506_233259
cfc_ncp,97381,91301,766.1,0.9079,0.8973,20260506_233259
fastai_lstm,808197,808197,1705.3,0.9141,0.9135,20260506_233259
fastai_gru,607493,607493,1402.0,0.9109,0.913,20260506_233259
fastai_resnet1d_wang,440837,440837,468.2,0.91,0.9087,20260506_233259
wavelet_rf,N/A,N/A,118.9,0.8772,0.8724,20260506_233259
ctrnn,1157,1157,5080.9,0.6069,0.6005,20260506_233259
ltc_ncp,44741,35941,55173.4,0.8729,0.8642,20260506_233259
ensemble,N/A,N/A,N/A,0.9279,0.9235,20260506_233259
cfc_ncp,97381,91301,914.6,0.9061,0.9026,20260508_102234
ltc_ncp,44741,35941,53329.6,0.8476,0.8409,20260508_102234
fastai_inception1d,475141,475141,1595.6,0.906,0.9063,20260508_102234
fastai_lstm,808197,808197,1771.4,0.9122,0.9137,20260508_102234
fastai_gru,607493,607493,1475.0,0.9132,0.9149,20260508_102234
fastai_resnet1d_wang,440837,440837,535.2,0.9112,0.9097,20260508_102234
wavelet_rf,N/A,N/A,130.1,0.8775,0.8698,20260508_102234
ctrnn,1157,1157,3746.0,0.6057,0.6025,20260508_102234
ensemble,N/A,N/A,N/A,0.9266,0.9224,20260508_102234
cfc_ncp,97381,91301,785.6,0.9066,0.8991,20260510_002329
ltc_ncp,44741,35941,56241.9,0.8422,0.8349,20260510_002329
fastai_inception1d,475141,475141,1513.9,0.909,0.9086,20260510_002329
fastai_lstm,808197,808197,1696.2,0.9094,0.9126,20260510_002329
fastai_gru,607493,607493,1395.4,0.9122,0.9146,20260510_002329
fastai_resnet1d_wang,440837,440837,456.5,0.91,0.9067,20260510_002329
wavelet_rf,N/A,N/A,114.5,0.881,0.8714,20260510_002329
ctrnn,1157,1157,3902.5,0.6127,0.605,20260510_002329
ensemble,N/A,N/A,N/A,0.9265,0.9225,20260510_002329
cfc_ncp,97381,91301,764.5,0.9058,0.8973,20260510_225243
ltc_ncp,44741,35941,58146.8,0.8576,0.849,20260510_225243
fastai_inception1d,475141,475141,1522.8,0.906,0.9106,20260510_225243
fastai_lstm,808197,808197,1700.6,0.9086,0.9098,20260510_225243
fastai_gru,607493,607493,1394.3,0.9127,0.918,20260510_225243
fastai_resnet1d_wang,440837,440837,455.6,0.9088,0.9084,20260510_225243
wavelet_rf,N/A,N/A,113.9,0.8788,0.8702,20260510_225243
ctrnn,1157,1157,3839.8,0.6049,0.6065,20260510_225243
ensemble,N/A,N/A,N/A,0.9275,0.9233,20260510_225243
fastai_xresnet1d101,1808261,1808261,1216.5,0.8964,0.8957,20260512_003716
cfc_ncp,97381,91301,857.4,0.909,0.8969,20260512_003716
ltc_ncp,80293,71493,78638.4,0.9115,0.9064,20260512_003716
fastai_inception1d,475141,475141,1553.1,0.9065,0.906,20260512_003716
fastai_lstm,808197,808197,1713.0,0.9105,0.9097,20260512_003716
fastai_gru,607493,607493,1405.6,0.9117,0.9155,20260512_003716
fastai_resnet1d_wang,440837,440837,476.9,0.9102,0.9106,20260512_003716
wavelet_rf,N/A,N/A,117.0,0.88,0.8717,20260512_003716
ctrnn,1157,1157,3960.2,0.609,0.6047,20260512_003716
ensemble,N/A,N/A,N/A,0.9305,0.9258,20260512_003716
fastai_xresnet1d101,1808261,1808261,1216.6,0.8943,0.8877,20260513_083105
cfc_ncp,97381,91301,791.0,0.9084,0.9007,20260513_083105
ltc_ncp,80293,71493,76325.9,0.9101,0.9034,20260513_083105
fastai_inception1d,475141,475141,1549.8,0.9128,0.9059,20260513_083105
fastai_lstm,808197,808197,1715.7,0.9088,0.9125,20260513_083105
fastai_gru,607493,607493,1412.9,0.9135,0.9129,20260513_083105
fastai_resnet1d_wang,440837,440837,474.6,0.9128,0.9074,20260513_083105
wavelet_rf,N/A,N/A,119.2,0.8771,0.8698,20260513_083105
ctrnn,1157,1157,3736.6,0.6094,0.6054,20260513_083105
ensemble,N/A,N/A,N/A,0.931,0.925,20260513_083105
fastai_xresnet1d101,1808261,1808261,1279.0,0.896,0.8913,0.6852,20260515_141919
cfc_ncp,97381,91301,751.1,0.9074,0.902,0.6448,20260515_141919
ltc_ncp,80293,71493,83031.4,0.9145,0.9049,0.6676,20260515_141919
fastai_inception1d,475141,475141,3274.8,0.9085,0.9065,0.6947,20260515_141919
fastai_lstm,808197,808197,3346.3,0.9134,0.9121,0.7044,20260515_141919
fastai_gru,607493,607493,1753.4,0.9158,0.9128,0.694,20260515_141919
fastai_resnet1d_wang,440837,440837,528.4,0.911,0.9123,0.7005,20260515_141919
wavelet_rf,N/A,N/A,122.7,0.8812,0.872,0.5696,20260515_141919
ctrnn,1157,1157,4869.1,0.6131,0.6056,0.0972,20260515_141919
ensemble,N/A,N/A,N/A,0.9304,0.9261,0.6574,20260515_141919
fastai_xresnet1d101,1808261,1808261,1370.4,0.8989,0.8973,0.6948,20260518_112408
cfc_ncp,137382,128422,977.2,0.9115,0.9056,0.8211,20260518_112408
fastai_inception1d,475141,475141,1605.6,0.9125,0.9084,0.7024,20260518_112408
fastai_lstm,808197,808197,1706.3,0.9137,0.9088,0.7004,20260518_112408
fastai_gru,607493,607493,1479.2,0.9139,0.9148,0.6935,20260518_112408
fastai_resnet1d_wang,440837,440837,527.4,0.9089,0.9085,0.687,20260518_112408
wavelet_rf,N/A,N/A,119.1,0.8772,0.8718,0.5591,20260518_112408
ctrnn,1157,1157,4237.1,0.6071,0.6069,0.0893,20260518_112408
ensemble,N/A,N/A,N/A,0.932,0.9267,0.6756,20260518_112408
fastai_xresnet1d101,1808261,1808261,1232.4,0.8935,0.8856,0.6782,20260519_110924
cfc_ncp,198822,189862,1015.9,0.9018,0.8947,0.7883,20260519_110924
fastai_inception1d,475141,475141,1562.1,0.9086,0.9113,0.6999,20260519_110924
fastai_lstm,808197,808197,1758.4,0.911,0.9092,0.7021,20260519_110924
fastai_gru,607493,607493,1459.4,0.9126,0.9144,0.7082,20260519_110924
fastai_resnet1d_wang,440837,440837,530.5,0.9121,0.9078,0.6988,20260519_110924
wavelet_rf,N/A,N/A,122.7,0.8803,0.8689,0.5609,20260519_110924
ctrnn,1157,1157,4001.5,0.6087,0.6087,0.0907,20260519_110924
ensemble,N/A,N/A,N/A,0.9311,0.926,0.6777,20260519_110924
fastai_xresnet1d101,1808261,1808261,1225.8,0.9064,0.9036,0.6984,20260519_153850
cfc_ncp,198822,189862,998.1,0.9012,0.8892,0.8055,20260519_153850
fastai_inception1d,475141,475141,1554.2,0.9101,0.908,0.708,20260519_153850
fastai_lstm,808197,808197,1732.1,0.9053,0.9057,0.7123,20260519_153850
fastai_gru,607493,607493,1420.8,0.8956,0.8888,0.5874,20260519_153850
fastai_resnet1d_wang,440837,440837,487.4,0.9136,0.9073,0.6928,20260519_153850
wavelet_rf,N/A,N/A,119.1,0.8788,0.8707,0.559,20260519_153850
ctrnn,1157,1157,4132.1,0.6128,0.6038,0.0917,20260519_153850
ensemble,N/A,N/A,N/A,0.932,0.9269,0.6635,20260519_153850
fastai_xresnet1d101,1808261,1808261,1201.4,0.908,0.9058,0.6981,20260520_183454
cfc_ncp,198822,189862,960.6,0.8951,0.8836,0.7844,20260520_183454
fastai_inception1d,475141,475141,1529.7,0.9103,0.91,0.6992,20260520_183454
fastai_lstm,808197,808197,1703.3,0.9102,0.9075,0.6959,20260520_183454
fastai_gru,607493,607493,1392.9,0.9122,0.9085,0.6683,20260520_183454
fastai_resnet1d_wang,440837,440837,464.1,0.9114,0.9098,0.7066,20260520_183454
wavelet_rf,N/A,N/A,120.8,0.8809,0.8718,0.5771,20260520_183454
ctrnn,1157,1157,4098.5,0.6142,0.6046,0.1029,20260520_183454
ensemble,N/A,N/A,N/A,0.9319,0.9261,0.6655,20260520_183454
cfc_ncp,198822,189862,1005.4,0.902,0.8971,0.8143,20260521_141137
fastai_xresnet1d101,1808261,1808261,1185.9,0.908,0.9066,0.6959,20260521_141137
fastai_inception1d,475141,475141,1535.7,0.909,0.9073,0.7074,20260521_141137
fastai_lstm,808197,808197,1691.7,0.8998,0.9027,0.6708,20260521_141137
fastai_gru,607493,607493,1382.6,0.8563,0.8465,0.5191,20260521_141137
fastai_resnet1d_wang,440837,440837,455.7,0.9126,0.9123,0.6996,20260521_141137
wavelet_rf,N/A,N/A,120.7,0.8801,0.8723,0.5786,20260521_141137
ctrnn,1157,1157,4131.7,0.6088,0.6025,0.0946,20260521_141137
ensemble,N/A,N/A,N/A,0.9316,0.9269,0.6491,20260521_141137
cfc_ncp,198822,189862,1001.6,0.9062,0.8991,0.7923,20260521_235024
fastai_xresnet1d101,1808261,1808261,1346.5,0.8999,0.8919,0.6785,20260521_235024
fastai_inception1d,475141,475141,1653.7,0.9093,0.9115,0.7043,20260521_235024
fastai_lstm,808197,808197,1754.1,0.9133,0.9133,0.6977,20260521_235024
fastai_gru,607493,607493,1486.0,0.9145,0.9153,0.7002,20260521_235024
fastai_resnet1d_wang,440837,440837,560.6,0.9148,0.9102,0.6878,20260521_235024
wavelet_rf,N/A,N/A,136.7,0.8799,0.872,0.5781,20260521_235024
ctrnn,1157,1157,4294.8,0.6075,0.6047,0.0939,20260521_235024
ensemble,N/A,N/A,N/A,0.9314,0.927,0.6673,20260521_235024
cfc_ncp,198822,189862,969.3,0.9051,0.8978,0.7832,20260522_112152
fastai_xresnet1d101,1808261,1808261,1198.9,0.8915,0.8921,0.7059,20260522_112152
fastai_inception1d,475141,475141,1591.8,0.9097,0.9103,0.6997,20260522_112152
fastai_lstm,808197,808197,1681.3,0.9153,0.9092,0.6886,20260522_112152
fastai_gru,607493,607493,1436.5,0.9151,0.9157,0.7139,20260522_112152
fastai_resnet1d_wang,440837,440837,597.0,0.9121,0.9102,0.7009,20260522_112152
wavelet_rf,N/A,N/A,128.2,0.8769,0.8682,0.564,20260522_112152
ctrnn,1157,1157,4003.9,0.6115,0.6062,0.0993,20260522_112152
ensemble,N/A,N/A,N/A,0.9325,0.9267,0.6676,20260522_112152
cfc_ncp,356390,334118,969.8,0.9075,0.9024,0.8117,20260525_101511
fastai_xresnet1d101,1808261,1808261,1190.5,0.8957,0.8912,0.6672,20260525_101511
fastai_inception1d,475141,475141,1523.7,0.9068,0.9067,0.6913,20260525_101511
fastai_lstm,808197,808197,1677.2,0.9093,0.9105,0.7047,20260525_101511
fastai_gru,607493,607493,1370.1,0.9144,0.9154,0.7061,20260525_101511
fastai_resnet1d_wang,440837,440837,465.8,0.9107,0.9101,0.6813,20260525_101511
wavelet_rf,N/A,N/A,118.3,0.8774,0.8713,0.5616,20260525_101511
ctrnn,1157,1157,4647.5,0.6144,0.6074,0.0964,20260525_101511
ensemble,N/A,N/A,N/A,0.931,0.9269,0.667,20260525_101511
