model,total_params,trainable_params,train_time_s,val_auc,test_auc,test_recall,timestamp
fastai_xresnet1d101,1811852,1811852,1231.2,0.9627,0.9482,0.4682,20260515_151916
cfc_ncp,97836,91756,849.1,0.9169,0.9034,0.3326,20260515_151916
fastai_inception1d,476940,476940,1633.5,0.9625,0.9459,0.4652,20260515_151916
fastai_lstm,813580,813580,1757.0,0.9649,0.9496,0.3836,20260515_151916
fastai_gru,612876,612876,1468.4,0.9648,0.9504,0.4452,20260515_151916
fastai_resnet1d_wang,442636,442636,503.5,0.962,0.929,0.3881,20260515_151916
wavelet_rf,N/A,N/A,125.2,0.8407,0.8719,0.2386,20260515_151916
ctrnn,1612,1612,4379.3,0.5811,0.6137,0.0833,20260515_151916
ensemble,N/A,N/A,N/A,0.9789,0.9629,0.3543,20260515_151916
